{"cameraMode":{"drawMode":0,"name":"Shaded","section":"Shading Mode"},"sceneLighting":false,"audioPlay":false,"sceneViewState":{"m_AlwaysRefresh":false,"showFog":false,"showSkybox":false,"showFlares":false,"showImageEffects":false,"showParticleSystems":false,"showVisualEffectGraphs":true,"m_FxEnabled":true},"in2DMode":false,"pivot":{"x":-0.01345980167388916,"y":2.3916807174682619,"z":-0.08933651447296143},"rotation":{"x":-0.1851644515991211,"y":0.0271164383739233,"z":-0.005112278275191784,"w":-0.982328474521637},"size":3.2722840309143068,"orthographic":false}