{"cameraMode":{"drawMode":0,"name":"Shaded","section":"Shading Mode"},"sceneLighting":true,"audioPlay":false,"sceneViewState":{"m_AlwaysRefresh":false,"showFog":true,"showSkybox":true,"showFlares":true,"showImageEffects":true,"showParticleSystems":true,"showVisualEffectGraphs":true,"m_FxEnabled":true},"in2DMode":false,"pivot":{"x":0.5859627723693848,"y":-3.379331588745117,"z":4.103038311004639},"rotation":{"x":-0.32138508558273318,"y":-0.17698359489440919,"z":0.061273690313100818,"w":-0.9282490015029907},"size":4.703042507171631,"orthographic":false}